zip,Zipcode name,City,State,County Name
24210,"ABINGDON, VA",ABINGDON,VA,WASHINGTON
24211,"ABINGDON, VA",ABINGDON,VA,WASHINGTON
24212,"ABINGDON, VA",ABINGDON,VA,WASHINGTON
23301,"ACCOMAC, VA",ACCOMAC,VA,ACCOMACK
23001,"ACHILLES, VA",ACHILLES,VA,GLOUCESTER
22920,"AFTON, VA",AFTON,VA,NELSON
23821,"ALBERTA, VA",ALBERTA,VA,BRUNSWICK
20105,"ALDIE, VA",ALDIE,VA,LOUDOUN
22301,"ALEXANDRIA, VA",ALEXANDRIA,VA,ALEXANDRIA CITY
22302,"ALEXANDRIA, VA",ALEXANDRIA,VA,ALEXANDRIA CITY
22304,"ALEXANDRIA, VA",ALEXANDRIA,VA,ALEXANDRIA CITY
22305,"ALEXANDRIA, VA",ALEXANDRIA,VA,ALEXANDRIA CITY
22311,"ALEXANDRIA, VA",ALEXANDRIA,VA,ALEXANDRIA CITY
22313,"ALEXANDRIA, VA",ALEXANDRIA,VA,ALEXANDRIA CITY
22314,"ALEXANDRIA, VA",ALEXANDRIA,VA,ALEXANDRIA CITY
22320,"ALEXANDRIA, VA",ALEXANDRIA,VA,ALEXANDRIA CITY
22331,"ALEXANDRIA, VA",ALEXANDRIA,VA,ALEXANDRIA CITY
22332,"ALEXANDRIA, VA",ALEXANDRIA,VA,ALEXANDRIA CITY
22333,"ALEXANDRIA, VA",ALEXANDRIA,VA,ALEXANDRIA CITY
22350,"ALEXANDRIA, VA",ALEXANDRIA,VA,ALEXANDRIA CITY
22303,"ALEXANDRIA, VA",ALEXANDRIA,VA,FAIRFAX
22306,"ALEXANDRIA, VA",ALEXANDRIA,VA,FAIRFAX
22307,"ALEXANDRIA, VA",ALEXANDRIA,VA,FAIRFAX
22308,"ALEXANDRIA, VA",ALEXANDRIA,VA,FAIRFAX
22309,"ALEXANDRIA, VA",ALEXANDRIA,VA,FAIRFAX
22310,"ALEXANDRIA, VA",ALEXANDRIA,VA,FAIRFAX
22312,"ALEXANDRIA, VA",ALEXANDRIA,VA,FAIRFAX
22315,"ALEXANDRIA, VA",ALEXANDRIA,VA,FAIRFAX
24517,"ALTAVISTA, VA",ALTAVISTA,VA,CAMPBELL
24520,"ALTON, VA",ALTON,VA,HALIFAX
23002,"AMELIA COURT HOUSE, VA",AMELIA COURT HOUSE,VA,AMELIA
24521,"AMHERST, VA",AMHERST,VA,AMHERST
20106,"AMISSVILLE, VA",AMISSVILLE,VA,CULPEPER
24601,"AMONATE, VA",AMONATE,VA,TAZEWELL
22003,"ANNANDALE, VA",ANNANDALE,VA,FAIRFAX
24216,"APPALACHIA, VA",APPALACHIA,VA,WISE
24522,"APPOMATTOX, VA",APPOMATTOX,VA,APPOMATTOX
24053,"ARARAT, VA",ARARAT,VA,PATRICK
23003,"ARK, VA",ARK,VA,GLOUCESTER
22201,"ARLINGTON, VA",ARLINGTON,VA,ARLINGTON
22202,"ARLINGTON, VA",ARLINGTON,VA,ARLINGTON
22203,"ARLINGTON, VA",ARLINGTON,VA,ARLINGTON
22204,"ARLINGTON, VA",ARLINGTON,VA,ARLINGTON
22205,"ARLINGTON, VA",ARLINGTON,VA,ARLINGTON
22206,"ARLINGTON, VA",ARLINGTON,VA,ARLINGTON
22207,"ARLINGTON, VA",ARLINGTON,VA,ARLINGTON
22209,"ARLINGTON, VA",ARLINGTON,VA,ARLINGTON
22210,"ARLINGTON, VA",ARLINGTON,VA,ARLINGTON
22212,"ARLINGTON, VA",ARLINGTON,VA,ARLINGTON
22213,"ARLINGTON, VA",ARLINGTON,VA,ARLINGTON
22214,"ARLINGTON, VA",ARLINGTON,VA,ARLINGTON
22215,"ARLINGTON, VA",ARLINGTON,VA,ARLINGTON
22216,"ARLINGTON, VA",ARLINGTON,VA,ARLINGTON
22217,"ARLINGTON, VA",ARLINGTON,VA,ARLINGTON
22226,"ARLINGTON, VA",ARLINGTON,VA,ARLINGTON
22227,"ARLINGTON, VA",ARLINGTON,VA,ARLINGTON
22230,"ARLINGTON, VA",ARLINGTON,VA,ARLINGTON
22240,"ARLINGTON, VA",ARLINGTON,VA,ARLINGTON
22243,"ARLINGTON, VA",ARLINGTON,VA,ARLINGTON
22709,"ARODA, VA",ARODA,VA,MADISON
22922,"ARRINGTON, VA",ARRINGTON,VA,NELSON
23004,"ARVONIA, VA",ARVONIA,VA,BUCKINGHAM
20146,"ASHBURN, VA",ASHBURN,VA,LOUDOUN
20147,"ASHBURN, VA",ASHBURN,VA,LOUDOUN
20148,"ASHBURN, VA",ASHBURN,VA,LOUDOUN
23005,"ASHLAND, VA",ASHLAND,VA,HANOVER
23302,"ASSAWOMAN, VA",ASSAWOMAN,VA,ACCOMACK
24311,"ATKINS, VA",ATKINS,VA,SMYTH
23303,"ATLANTIC, VA",ATLANTIC,VA,ACCOMACK
24411,"AUGUSTA SPRINGS, VA",AUGUSTA SPRINGS,VA,AUGUSTA
24312,"AUSTINVILLE, VA",AUSTINVILLE,VA,WYTHE
24054,"AXTON, VA",AXTON,VA,HENRY
23009,"AYLETT, VA",AYLETT,VA,KING WILLIAM
24602,"BANDY, VA",BANDY,VA,TAZEWELL
22923,"BARBOURSVILLE, VA",BARBOURSVILLE,VA,ORANGE
23011,"BARHAMSVILLE, VA",BARHAMSVILLE,VA,NEW KENT
24313,"BARREN SPRINGS, VA",BARREN SPRINGS,VA,WYTHE
23915,"BASKERVILLE, VA",BASKERVILLE,VA,MECKLENBURG
24055,"BASSETT, VA",BASSETT,VA,HENRY
24314,"BASTIAN, VA",BASTIAN,VA,BLAND
22810,"BASYE, VA",BASYE,VA,SHENANDOAH
22924,"BATESVILLE, VA",BATESVILLE,VA,ALBEMARLE
23304,"BATTERY PARK, VA",BATTERY PARK,VA,ISLE OF WIGHT
22712,"BEALETON, VA",BEALETON,VA,FAUQUIER
23015,"BEAVERDAM, VA",BEAVERDAM,VA,HANOVER
24523,"BEDFORD, VA",BEDFORD,VA,BEDFORD
24217,"BEE, VA",BEE,VA,DICKENSON
23306,"BELLE HAVEN, VA",BELLE HAVEN,VA,ACCOMACK
24058,"BELSPRING, VA",BELSPRING,VA,PULASKI
24218,"BEN HUR, VA",BEN HUR,VA,LEE
23018,"BENA, VA",BENA,VA,GLOUCESTER
24059,"BENT MOUNTAIN, VA",BENT MOUNTAIN,VA,ROANOKE
22610,"BENTONVILLE, VA",BENTONVILLE,VA,WARREN
22811,"BERGTON, VA",BERGTON,VA,ROCKINGHAM
22611,"BERRYVILLE, VA",BERRYVILLE,VA,CLARKE
24526,"BIG ISLAND, VA",BIG ISLAND,VA,BEDFORD
24603,"BIG ROCK, VA",BIG ROCK,VA,BUCHANAN
24219,"BIG STONE GAP, VA",BIG STONE GAP,VA,WISE
24220,"BIRCHLEAF, VA",BIRCHLEAF,VA,DICKENSON
23307,"BIRDSNEST, VA",BIRDSNEST,VA,NORTHAMPTON
24604,"BISHOP, VA",BISHOP,VA,TAZEWELL
24060,"BLACKSBURG, VA",BLACKSBURG,VA,MONTGOMERY
24061,"BLACKSBURG, VA",BLACKSBURG,VA,MONTGOMERY
24062,"BLACKSBURG, VA",BLACKSBURG,VA,MONTGOMERY
24063,"BLACKSBURG, VA",BLACKSBURG,VA,MONTGOMERY
23824,"BLACKSTONE, VA",BLACKSTONE,VA,NOTTOWAY
24221,"BLACKWATER, VA",BLACKWATER,VA,LEE
24527,"BLAIRS, VA",BLAIRS,VA,PITTSYLVANIA
24315,"BLAND, VA",BLAND,VA,BLAND
23308,"BLOXOM, VA",BLOXOM,VA,ACCOMACK
24413,"BLUE GRASS, VA",BLUE GRASS,VA,HIGHLAND
24064,"BLUE RIDGE, VA",BLUE RIDGE,VA,BOTETOURT
24605,"BLUEFIELD, VA",BLUEFIELD,VA,TAZEWELL
20135,"BLUEMONT, VA",BLUEMONT,VA,CLARKE
23021,"BOHANNON, VA",BOHANNON,VA,MATHEWS
24606,"BOISSEVAIN, VA",BOISSEVAIN,VA,TAZEWELL
24065,"BOONES MILL, VA",BOONES MILL,VA,FRANKLIN
22713,"BOSTON, VA",BOSTON,VA,CULPEPER
22427,"BOWLING GREEN, VA",BOWLING GREEN,VA,CAROLINE
22620,"BOYCE, VA",BOYCE,VA,CLARKE
23917,"BOYDTON, VA",BOYDTON,VA,MECKLENBURG
23827,"BOYKINS, VA",BOYKINS,VA,SOUTHAMPTON
23919,"BRACEY, VA",BRACEY,VA,MECKLENBURG
23828,"BRANCHVILLE, VA",BRANCHVILLE,VA,SOUTHAMPTON
22714,"BRANDY STATION, VA",BRANDY STATION,VA,CULPEPER
24607,"BREAKS, VA",BREAKS,VA,DICKENSON
23022,"BREMO BLUFF, VA",BREMO BLUFF,VA,FLUVANNA
22812,"BRIDGEWATER, VA",BRIDGEWATER,VA,ROCKINGHAM
22715,"BRIGHTWOOD, VA",BRIGHTWOOD,VA,MADISON
24201,"BRISTOL, VA",BRISTOL,VA,BRISTOL CITY
24203,"BRISTOL, VA",BRISTOL,VA,BRISTOL CITY
24209,"BRISTOL, VA",BRISTOL,VA,BRISTOL CITY
24202,"BRISTOL, VA",BRISTOL,VA,WASHINGTON
20136,"BRISTOW, VA",BRISTOW,VA,PRINCE WILLIAM
20137,"BROAD RUN, VA",BROAD RUN,VA,FAUQUIER
22815,"BROADWAY, VA",BROADWAY,VA,ROCKINGHAM
23920,"BRODNAX, VA",BRODNAX,VA,BRUNSWICK
24528,"BROOKNEAL, VA",BROOKNEAL,VA,CAMPBELL
24415,"BROWNSBURG, VA",BROWNSBURG,VA,ROCKBRIDGE
23023,"BRUINGTON, VA",BRUINGTON,VA,KING AND QUEEN
24066,"BUCHANAN, VA",BUCHANAN,VA,BOTETOURT
23921,"BUCKINGHAM, VA",BUCKINGHAM,VA,BUCKINGHAM
24416,"BUENA VISTA, VA",BUENA VISTA,VA,BUENA VISTA CITY
24529,"BUFFALO JUNCTION, VA",BUFFALO JUNCTION,VA,MECKLENBURG
23024,"BUMPASS, VA",BUMPASS,VA,LOUISA
22432,"BURGESS, VA",BURGESS,VA,NORTHUMBERLAND
22009,"BURKE, VA",BURKE,VA,FAIRFAX
22015,"BURKE, VA",BURKE,VA,FAIRFAX
24608,"BURKES GARDEN, VA",BURKES GARDEN,VA,TAZEWELL
23922,"BURKEVILLE, VA",BURKEVILLE,VA,NOTTOWAY
22433,"BURR HILL, VA",BURR HILL,VA,ORANGE
24530,"CALLANDS, VA",CALLANDS,VA,PITTSYLVANIA
22435,"CALLAO, VA",CALLAO,VA,NORTHUMBERLAND
24067,"CALLAWAY, VA",CALLAWAY,VA,FRANKLIN
20138,"CALVERTON, VA",CALVERTON,VA,FAUQUIER
24317,"CANA, VA",CANA,VA,CARROLL
23310,"CAPE CHARLES, VA",CAPE CHARLES,VA,NORTHAMPTON
23313,"CAPEVILLE, VA",CAPEVILLE,VA,NORTHAMPTON
23829,"CAPRON, VA",CAPRON,VA,SOUTHAMPTON
23025,"CARDINAL, VA",CARDINAL,VA,MATHEWS
22436,"CARET, VA",CARET,VA,ESSEX
23314,"CARROLLTON, VA",CARROLLTON,VA,ISLE OF WIGHT
23315,"CARRSVILLE, VA",CARRSVILLE,VA,ISLE OF WIGHT
23830,"CARSON, VA",CARSON,VA,DINWIDDIE
23027,"CARTERSVILLE, VA",CARTERSVILLE,VA,CUMBERLAND
20139,"CASANOVA, VA",CASANOVA,VA,FAUQUIER
24069,"CASCADE, VA",CASCADE,VA,PITTSYLVANIA
22716,"CASTLETON, VA",CASTLETON,VA,RAPPAHANNOCK
24224,"CASTLEWOOD, VA",CASTLEWOOD,VA,RUSSELL
24070,"CATAWBA, VA",CATAWBA,VA,ROANOKE
20143,"CATHARPIN, VA",CATHARPIN,VA,PRINCE WILLIAM
20119,"CATLETT, VA",CATLETT,VA,FAUQUIER
24609,"CEDAR BLUFF, VA",CEDAR BLUFF,VA,TAZEWELL
22437,"CENTER CROSS, VA",CENTER CROSS,VA,ESSEX
20120,"CENTREVILLE, VA",CENTREVILLE,VA,FAIRFAX
20121,"CENTREVILLE, VA",CENTREVILLE,VA,FAIRFAX
20122,"CENTREVILLE, VA",CENTREVILLE,VA,FAIRFAX
24318,"CERES, VA",CERES,VA,BLAND
22438,"CHAMPLAIN, VA",CHAMPLAIN,VA,ESSEX
20151,"CHANTILLY, VA",CHANTILLY,VA,FAIRFAX
20153,"CHANTILLY, VA",CHANTILLY,VA,FAIRFAX
20152,"CHANTILLY, VA",CHANTILLY,VA,LOUDOUN
23030,"CHARLES CITY, VA",CHARLES CITY,VA,CHARLES CITY
23923,"CHARLOTTE COURT HOUSE, VA",CHARLOTTE COURT HOUSE,VA,CHARLOTTE
22901,"CHARLOTTESVILLE, VA",CHARLOTTESVILLE,VA,ALBEMARLE
22909,"CHARLOTTESVILLE, VA",CHARLOTTESVILLE,VA,ALBEMARLE
22911,"CHARLOTTESVILLE, VA",CHARLOTTESVILLE,VA,ALBEMARLE
22902,"CHARLOTTESVILLE, VA",CHARLOTTESVILLE,VA,CHARLOTTESVILLE CITY
22903,"CHARLOTTESVILLE, VA",CHARLOTTESVILLE,VA,CHARLOTTESVILLE CITY
22904,"CHARLOTTESVILLE, VA",CHARLOTTESVILLE,VA,CHARLOTTESVILLE CITY
22905,"CHARLOTTESVILLE, VA",CHARLOTTESVILLE,VA,CHARLOTTESVILLE CITY
22906,"CHARLOTTESVILLE, VA",CHARLOTTESVILLE,VA,CHARLOTTESVILLE CITY
22908,"CHARLOTTESVILLE, VA",CHARLOTTESVILLE,VA,CHARLOTTESVILLE CITY
23924,"CHASE CITY, VA",CHASE CITY,VA,MECKLENBURG
24531,"CHATHAM, VA",CHATHAM,VA,PITTSYLVANIA
24072,"CHECK, VA",CHECK,VA,FLOYD
23316,"CHERITON, VA",CHERITON,VA,NORTHAMPTON
23320,"CHESAPEAKE, VA",CHESAPEAKE,VA,CHESAPEAKE CITY
23321,"CHESAPEAKE, VA",CHESAPEAKE,VA,CHESAPEAKE CITY
23322,"CHESAPEAKE, VA",CHESAPEAKE,VA,CHESAPEAKE CITY
23323,"CHESAPEAKE, VA",CHESAPEAKE,VA,CHESAPEAKE CITY
23324,"CHESAPEAKE, VA",CHESAPEAKE,VA,CHESAPEAKE CITY
23325,"CHESAPEAKE, VA",CHESAPEAKE,VA,CHESAPEAKE CITY
23326,"CHESAPEAKE, VA",CHESAPEAKE,VA,CHESAPEAKE CITY
23327,"CHESAPEAKE, VA",CHESAPEAKE,VA,CHESAPEAKE CITY
23328,"CHESAPEAKE, VA",CHESAPEAKE,VA,CHESAPEAKE CITY
23831,"CHESTER, VA",CHESTER,VA,CHESTERFIELD
23836,"CHESTER, VA",CHESTER,VA,CHESTERFIELD
22623,"CHESTER GAP, VA",CHESTER GAP,VA,RAPPAHANNOCK
23832,"CHESTERFIELD, VA",CHESTERFIELD,VA,CHESTERFIELD
23838,"CHESTERFIELD, VA",CHESTERFIELD,VA,CHESTERFIELD
24319,"CHILHOWIE, VA",CHILHOWIE,VA,SMYTH
23336,"CHINCOTEAGUE ISLAND, VA",CHINCOTEAGUE ISLAND,VA,ACCOMACK
23031,"CHRISTCHURCH, VA",CHRISTCHURCH,VA,MIDDLESEX
24068,"CHRISTIANSBURG, VA",CHRISTIANSBURG,VA,MONTGOMERY
24073,"CHRISTIANSBURG, VA",CHRISTIANSBURG,VA,MONTGOMERY
23833,"CHURCH ROAD, VA",CHURCH ROAD,VA,DINWIDDIE
23032,"CHURCH VIEW, VA",CHURCH VIEW,VA,MIDDLESEX
24421,"CHURCHVILLE, VA",CHURCHVILLE,VA,AUGUSTA
23899,"CLAREMONT, VA",CLAREMONT,VA,SURRY
23927,"CLARKSVILLE, VA",CLARKSVILLE,VA,MECKLENBURG
24076,"CLAUDVILLE, VA",CLAUDVILLE,VA,PATRICK
22624,"CLEAR BROOK, VA",CLEAR BROOK,VA,FREDERICK
24225,"CLEVELAND, VA",CLEVELAND,VA,RUSSELL
24533,"CLIFFORD, VA",CLIFFORD,VA,AMHERST
20124,"CLIFTON, VA",CLIFTON,VA,FAIRFAX
24422,"CLIFTON FORGE, VA",CLIFTON FORGE,VA,ALLEGHANY
24226,"CLINCHCO, VA",CLINCHCO,VA,DICKENSON
24228,"CLINTWOOD, VA",CLINTWOOD,VA,DICKENSON
24534,"CLOVER, VA",CLOVER,VA,HALIFAX
24077,"CLOVERDALE, VA",CLOVERDALE,VA,BOTETOURT
24535,"CLUSTER SPRINGS, VA",CLUSTER SPRINGS,VA,HALIFAX
23035,"COBBS CREEK, VA",COBBS CREEK,VA,MATHEWS
24230,"COEBURN, VA",COEBURN,VA,WISE
24536,"COLEMAN FALLS, VA",COLEMAN FALLS,VA,BEDFORD
22442,"COLES POINT, VA",COLES POINT,VA,WESTMORELAND
24078,"COLLINSVILLE, VA",COLLINSVILLE,VA,HENRY
22443,"COLONIAL BEACH, VA",COLONIAL BEACH,VA,WESTMORELAND
23834,"COLONIAL HEIGHTS, VA",COLONIAL HEIGHTS,VA,COLONIAL HEIGHTS CITY
23038,"COLUMBIA, VA",COLUMBIA,VA,GOOCHLAND
24538,"CONCORD, VA",CONCORD,VA,CAMPBELL
24079,"COPPER HILL, VA",COPPER HILL,VA,FLOYD
22446,"CORBIN, VA",CORBIN,VA,CAROLINE
23837,"COURTLAND, VA",COURTLAND,VA,SOUTHAMPTON
22931,"COVESVILLE, VA",COVESVILLE,VA,ALBEMARLE
24426,"COVINGTON, VA",COVINGTON,VA,COVINGTON CITY
23341,"CRADDOCKVILLE, VA",CRADDOCKVILLE,VA,ACCOMACK
24430,"CRAIGSVILLE, VA",CRAIGSVILLE,VA,AUGUSTA
23930,"CREWE, VA",CREWE,VA,NOTTOWAY
22820,"CRIDERS, VA",CRIDERS,VA,ROCKINGHAM
24431,"CRIMORA, VA",CRIMORA,VA,AUGUSTA
24082,"CRITZ, VA",CRITZ,VA,PATRICK
24323,"CROCKETT, VA",CROCKETT,VA,WYTHE
22625,"CROSS JUNCTION, VA",CROSS JUNCTION,VA,FREDERICK
22932,"CROZET, VA",CROZET,VA,ALBEMARLE
23039,"CROZIER, VA",CROZIER,VA,GOOCHLAND
24539,"CRYSTAL HILL, VA",CRYSTAL HILL,VA,HALIFAX
23934,"CULLEN, VA",CULLEN,VA,CHARLOTTE
22701,"CULPEPER, VA",CULPEPER,VA,CULPEPER
23040,"CUMBERLAND, VA",CUMBERLAND,VA,CUMBERLAND
22448,"DAHLGREN, VA",DAHLGREN,VA,KING GEORGE
24083,"DALEVILLE, VA",DALEVILLE,VA,BOTETOURT
24236,"DAMASCUS, VA",DAMASCUS,VA,WASHINGTON
24237,"DANTE, VA",DANTE,VA,RUSSELL
24540,"DANVILLE, VA",DANVILLE,VA,DANVILLE CITY
24541,"DANVILLE, VA",DANVILLE,VA,DANVILLE CITY
24543,"DANVILLE, VA",DANVILLE,VA,DANVILLE CITY
24239,"DAVENPORT, VA",DAVENPORT,VA,BUCHANAN
22821,"DAYTON, VA",DAYTON,VA,ROCKINGHAM
24432,"DEERFIELD, VA",DEERFIELD,VA,AUGUSTA
20144,"DELAPLANE, VA",DELAPLANE,VA,FAUQUIER
23043,"DELTAVILLE, VA",DELTAVILLE,VA,MIDDLESEX
23839,"DENDRON, VA",DENDRON,VA,SURRY
23840,"DEWITT, VA",DEWITT,VA,DINWIDDIE
20598,"DHS, VA",DHS,VA,LOUDOUN
23045,"DIGGS, VA",DIGGS,VA,MATHEWS
23936,"DILLWYN, VA",DILLWYN,VA,BUCKINGHAM
23841,"DINWIDDIE, VA",DINWIDDIE,VA,DINWIDDIE
23842,"DISPUTANTA, VA",DISPUTANTA,VA,PRINCE GEORGE
24433,"DOE HILL, VA",DOE HILL,VA,HIGHLAND
23843,"DOLPHIN, VA",DOLPHIN,VA,BRUNSWICK
24612,"DORAN, VA",DORAN,VA,TAZEWELL
23047,"DOSWELL, VA",DOSWELL,VA,HANOVER
23937,"DRAKES BRANCH, VA",DRAKES BRANCH,VA,CHARLOTTE
24324,"DRAPER, VA",DRAPER,VA,PULASKI
23844,"DREWRYVILLE, VA",DREWRYVILLE,VA,SOUTHAMPTON
24549,"DRY FORK, VA",DRY FORK,VA,PITTSYLVANIA
24243,"DRYDEN, VA",DRYDEN,VA,LEE
24084,"DUBLIN, VA",DUBLIN,VA,PULASKI
24244,"DUFFIELD, VA",DUFFIELD,VA,SCOTT
24325,"DUGSPUR, VA",DUGSPUR,VA,CARROLL
20101,"DULLES, VA",DULLES,VA,LOUDOUN
20102,"DULLES, VA",DULLES,VA,LOUDOUN
20103,"DULLES, VA",DULLES,VA,LOUDOUN
20104,"DULLES, VA",DULLES,VA,LOUDOUN
20189,"DULLES, VA",DULLES,VA,LOUDOUN
22025,"DUMFRIES, VA",DUMFRIES,VA,PRINCE WILLIAM
22026,"DUMFRIES, VA",DUMFRIES,VA,PRINCE WILLIAM
23938,"DUNDAS, VA",DUNDAS,VA,LUNENBURG
24245,"DUNGANNON, VA",DUNGANNON,VA,SCOTT
22027,"DUNN LORING, VA",DUNN LORING,VA,FAIRFAX
22454,"DUNNSVILLE, VA",DUNNSVILLE,VA,ESSEX
23050,"DUTTON, VA",DUTTON,VA,GLOUCESTER
22935,"DYKE, VA",DYKE,VA,GREENE
24085,"EAGLE ROCK, VA",EAGLE ROCK,VA,BOTETOURT
22936,"EARLYSVILLE, VA",EARLYSVILLE,VA,ALBEMARLE
24246,"EAST STONE GAP, VA",EAST STONE GAP,VA,WISE
23347,"EASTVILLE, VA",EASTVILLE,VA,NORTHAMPTON
23845,"EBONY, VA",EBONY,VA,BRUNSWICK
22824,"EDINBURG, VA",EDINBURG,VA,SHENANDOAH
22456,"EDWARDSVILLE, VA",EDWARDSVILLE,VA,NORTHUMBERLAND
24086,"EGGLESTON, VA",EGGLESTON,VA,GILES
23846,"ELBERON, VA",ELBERON,VA,SURRY
24326,"ELK CREEK, VA",ELK CREEK,VA,GRAYSON
22827,"ELKTON, VA",ELKTON,VA,ROCKINGHAM
22718,"ELKWOOD, VA",ELKWOOD,VA,CULPEPER
24087,"ELLISTON, VA",ELLISTON,VA,MONTGOMERY
24327,"EMORY, VA",EMORY,VA,WASHINGTON
23847,"EMPORIA, VA",EMPORIA,VA,GREENSVILLE
22937,"ESMONT, VA",ESMONT,VA,ALBEMARLE
22719,"ETLAN, VA",ETLAN,VA,MADISON
23939,"EVERGREEN, VA",EVERGREEN,VA,APPOMATTOX
24550,"EVINGTON, VA",EVINGTON,VA,CAMPBELL
24248,"EWING, VA",EWING,VA,LEE
23350,"EXMORE, VA",EXMORE,VA,NORTHAMPTON
22938,"FABER, VA",FABER,VA,NELSON
22031,"FAIRFAX, VA",FAIRFAX,VA,FAIRFAX
22032,"FAIRFAX, VA",FAIRFAX,VA,FAIRFAX
22033,"FAIRFAX, VA",FAIRFAX,VA,FAIRFAX
22034,"FAIRFAX, VA",FAIRFAX,VA,FAIRFAX
22035,"FAIRFAX, VA",FAIRFAX,VA,FAIRFAX
22036,"FAIRFAX, VA",FAIRFAX,VA,FAIRFAX
22037,"FAIRFAX, VA",FAIRFAX,VA,FAIRFAX
22030,"FAIRFAX, VA",FAIRFAX,VA,FAIRFAX CITY
22038,"FAIRFAX, VA",FAIRFAX,VA,FAIRFAX CITY
22039,"FAIRFAX STATION, VA",FAIRFAX STATION,VA,FAIRFAX
24435,"FAIRFIELD, VA",FAIRFIELD,VA,ROCKBRIDGE
22041,"FALLS CHURCH, VA",FALLS CHURCH,VA,FAIRFAX
22042,"FALLS CHURCH, VA",FALLS CHURCH,VA,FAIRFAX
22043,"FALLS CHURCH, VA",FALLS CHURCH,VA,FAIRFAX
22044,"FALLS CHURCH, VA",FALLS CHURCH,VA,FAIRFAX
22040,"FALLS CHURCH, VA",FALLS CHURCH,VA,FALLS CHURCH CITY
22046,"FALLS CHURCH, VA",FALLS CHURCH,VA,FALLS CHURCH CITY
24613,"FALLS MILLS, VA",FALLS MILLS,VA,TAZEWELL
24328,"FANCY GAP, VA",FANCY GAP,VA,CARROLL
23901,"FARMVILLE, VA",FARMVILLE,VA,PRINCE EDWARD
23909,"FARMVILLE, VA",FARMVILLE,VA,PRINCE EDWARD
22460,"FARNHAM, VA",FARNHAM,VA,RICHMOND
24088,"FERRUM, VA",FERRUM,VA,FRANKLIN
24089,"FIELDALE, VA",FIELDALE,VA,HENRY
24090,"FINCASTLE, VA",FINCASTLE,VA,BOTETOURT
22626,"FISHERS HILL, VA",FISHERS HILL,VA,SHENANDOAH
22939,"FISHERSVILLE, VA",FISHERSVILLE,VA,AUGUSTA
22627,"FLINT HILL, VA",FLINT HILL,VA,RAPPAHANNOCK
24091,"FLOYD, VA",FLOYD,VA,FLOYD
23850,"FORD, VA",FORD,VA,DINWIDDIE
24551,"FOREST, VA",FOREST,VA,BEDFORD
23055,"FORK UNION, VA",FORK UNION,VA,FLUVANNA
22060,"FORT BELVOIR, VA",FORT BELVOIR,VA,FAIRFAX
24250,"FORT BLACKMORE, VA",FORT BLACKMORE,VA,SCOTT
24437,"FORT DEFIANCE, VA",FORT DEFIANCE,VA,AUGUSTA
23604,"FORT EUSTIS, VA",FORT EUSTIS,VA,NEWPORT NEWS CITY
23801,"FORT LEE, VA",FORT LEE,VA,PRINCE GEORGE
23651,"FORT MONROE, VA",FORT MONROE,VA,HAMPTON CITY
22211,"FORT MYER, VA",FORT MYER,VA,ARLINGTON
22652,"FORT VALLEY, VA",FORT VALLEY,VA,SHENANDOAH
23056,"FOSTER, VA",FOSTER,VA,MATHEWS
23851,"FRANKLIN, VA",FRANKLIN,VA,FRANKLIN CITY
23354,"FRANKTOWN, VA",FRANKTOWN,VA,NORTHAMPTON
22401,"FREDERICKSBURG, VA",FREDERICKSBURG,VA,FREDERICKSBURG CITY
22402,"FREDERICKSBURG, VA",FREDERICKSBURG,VA,FREDERICKSBURG CITY
22404,"FREDERICKSBURG, VA",FREDERICKSBURG,VA,FREDERICKSBURG CITY
22407,"FREDERICKSBURG, VA",FREDERICKSBURG,VA,SPOTSYLVANIA
22408,"FREDERICKSBURG, VA",FREDERICKSBURG,VA,SPOTSYLVANIA
22403,"FREDERICKSBURG, VA",FREDERICKSBURG,VA,STAFFORD
22405,"FREDERICKSBURG, VA",FREDERICKSBURG,VA,STAFFORD
22406,"FREDERICKSBURG, VA",FREDERICKSBURG,VA,STAFFORD
22412,"FREDERICKSBURG, VA",FREDERICKSBURG,VA,STAFFORD
22940,"FREE UNION, VA",FREE UNION,VA,ALBEMARLE
23856,"FREEMAN, VA",FREEMAN,VA,BRUNSWICK
24330,"FRIES, VA",FRIES,VA,GRAYSON
22630,"FRONT ROYAL, VA",FRONT ROYAL,VA,WARREN
22830,"FULKS RUN, VA",FULKS RUN,VA,ROCKINGHAM
20155,"GAINESVILLE, VA",GAINESVILLE,VA,PRINCE WILLIAM
20156,"GAINESVILLE, VA",GAINESVILLE,VA,PRINCE WILLIAM
24333,"GALAX, VA",GALAX,VA,GALAX CITY
22463,"GARRISONVILLE, VA",GARRISONVILLE,VA,STAFFORD
23857,"GASBURG, VA",GASBURG,VA,BRUNSWICK
24251,"GATE CITY, VA",GATE CITY,VA,SCOTT
24092,"GLADE HILL, VA",GLADE HILL,VA,FRANKLIN
24340,"GLADE SPRING, VA",GLADE SPRING,VA,WASHINGTON
24553,"GLADSTONE, VA",GLADSTONE,VA,NELSON
24554,"GLADYS, VA",GLADYS,VA,CAMPBELL
24555,"GLASGOW, VA",GLASGOW,VA,ROCKBRIDGE
23058,"GLEN ALLEN, VA",GLEN ALLEN,VA,HENRICO
23059,"GLEN ALLEN, VA",GLEN ALLEN,VA,HENRICO
23060,"GLEN ALLEN, VA",GLEN ALLEN,VA,HENRICO
24093,"GLEN LYN, VA",GLEN LYN,VA,GILES
23061,"GLOUCESTER, VA",GLOUCESTER,VA,GLOUCESTER
23062,"GLOUCESTER POINT, VA",GLOUCESTER POINT,VA,GLOUCESTER
22720,"GOLDVEIN, VA",GOLDVEIN,VA,FAUQUIER
23063,"GOOCHLAND, VA",GOOCHLAND,VA,GOOCHLAND
24556,"GOODE, VA",GOODE,VA,BEDFORD
24095,"GOODVIEW, VA",GOODVIEW,VA,BEDFORD
22942,"GORDONSVILLE, VA",GORDONSVILLE,VA,ORANGE
22637,"GORE, VA",GORE,VA,FREDERICK
24439,"GOSHEN, VA",GOSHEN,VA,ROCKBRIDGE
22066,"GREAT FALLS, VA",GREAT FALLS,VA,FAIRFAX
23942,"GREEN BAY, VA",GREEN BAY,VA,PRINCE EDWARD
23356,"GREENBACKVILLE, VA",GREENBACKVILLE,VA,ACCOMACK
23357,"GREENBUSH, VA",GREENBUSH,VA,ACCOMACK
24440,"GREENVILLE, VA",GREENVILLE,VA,AUGUSTA
22943,"GREENWOOD, VA",GREENWOOD,VA,ALBEMARLE
24557,"GRETNA, VA",GRETNA,VA,PITTSYLVANIA
23064,"GRIMSTEAD, VA",GRIMSTEAD,VA,MATHEWS
24441,"GROTTOES, VA",GROTTOES,VA,ROCKINGHAM
24614,"GRUNDY, VA",GRUNDY,VA,BUCHANAN
23065,"GUM SPRING, VA",GUM SPRING,VA,GOOCHLAND
23066,"GWYNN, VA",GWYNN,VA,MATHEWS
23358,"HACKSNECK, VA",HACKSNECK,VA,ACCOMACK
23067,"HADENSVILLE, VA",HADENSVILLE,VA,GOOCHLAND
22469,"HAGUE, VA",HAGUE,VA,WESTMORELAND
24558,"HALIFAX, VA",HALIFAX,VA,HALIFAX
23359,"HALLWOOD, VA",HALLWOOD,VA,ACCOMACK
20158,"HAMILTON, VA",HAMILTON,VA,LOUDOUN
20159,"HAMILTON, VA",HAMILTON,VA,LOUDOUN
23943,"HAMPDEN SYDNEY, VA",HAMPDEN SYDNEY,VA,PRINCE EDWARD
23630,"HAMPTON, VA",HAMPTON,VA,HAMPTON CITY
23661,"HAMPTON, VA",HAMPTON,VA,HAMPTON CITY
23663,"HAMPTON, VA",HAMPTON,VA,HAMPTON CITY
23664,"HAMPTON, VA",HAMPTON,VA,HAMPTON CITY
23666,"HAMPTON, VA",HAMPTON,VA,HAMPTON CITY
23667,"HAMPTON, VA",HAMPTON,VA,HAMPTON CITY
23668,"HAMPTON, VA",HAMPTON,VA,HAMPTON CITY
23669,"HAMPTON, VA",HAMPTON,VA,HAMPTON CITY
23670,"HAMPTON, VA",HAMPTON,VA,HAMPTON CITY
23681,"HAMPTON, VA",HAMPTON,VA,HAMPTON CITY
23665,"HAMPTON, VA",HAMPTON,VA,YORK
23069,"HANOVER, VA",HANOVER,VA,HANOVER
23389,"HARBORTON, VA",HARBORTON,VA,ACCOMACK
24101,"HARDY, VA",HARDY,VA,FRANKLIN
23070,"HARDYVILLE, VA",HARDYVILLE,VA,MIDDLESEX
22801,"HARRISONBURG, VA",HARRISONBURG,VA,HARRISONBURG CITY
22802,"HARRISONBURG, VA",HARRISONBURG,VA,HARRISONBURG CITY
22803,"HARRISONBURG, VA",HARRISONBURG,VA,HARRISONBURG CITY
22807,"HARRISONBURG, VA",HARRISONBURG,VA,HARRISONBURG CITY
23071,"HARTFIELD, VA",HARTFIELD,VA,MIDDLESEX
22471,"HARTWOOD, VA",HARTWOOD,VA,STAFFORD
23072,"HAYES, VA",HAYES,VA,GLOUCESTER
20168,"HAYMARKET, VA",HAYMARKET,VA,PRINCE WILLIAM
20169,"HAYMARKET, VA",HAYMARKET,VA,PRINCE WILLIAM
22472,"HAYNESVILLE, VA",HAYNESVILLE,VA,RICHMOND
24256,"HAYSI, VA",HAYSI,VA,DICKENSON
22722,"HAYWOOD, VA",HAYWOOD,VA,MADISON
24442,"HEAD WATERS, VA",HEAD WATERS,VA,HIGHLAND
22473,"HEATHSVILLE, VA",HEATHSVILLE,VA,NORTHUMBERLAND
23075,"HENRICO, VA",HENRICO,VA,HENRICO
23228,"HENRICO, VA",HENRICO,VA,HENRICO
23229,"HENRICO, VA",HENRICO,VA,HENRICO
23231,"HENRICO, VA",HENRICO,VA,HENRICO
23233,"HENRICO, VA",HENRICO,VA,HENRICO
23238,"HENRICO, VA",HENRICO,VA,HENRICO
23242,"HENRICO, VA",HENRICO,VA,HENRICO
23255,"HENRICO, VA",HENRICO,VA,HENRICO
23288,"HENRICO, VA",HENRICO,VA,HENRICO
23294,"HENRICO, VA",HENRICO,VA,HENRICO
23273,"HENRICO, VA",HENRICO,VA,RICHMOND CITY
24102,"HENRY, VA",HENRY,VA,FRANKLIN
20170,"HERNDON, VA",HERNDON,VA,FAIRFAX
20171,"HERNDON, VA",HERNDON,VA,FAIRFAX
20172,"HERNDON, VA",HERNDON,VA,FAIRFAX
20192,"HERNDON, VA",HERNDON,VA,FAIRFAX
24343,"HILLSVILLE, VA",HILLSVILLE,VA,CARROLL
24258,"HILTONS, VA",HILTONS,VA,SCOTT
22831,"HINTON, VA",HINTON,VA,ROCKINGHAM
24347,"HIWASSEE, VA",HIWASSEE,VA,PULASKI
24260,"HONAKER, VA",HONAKER,VA,RUSSELL
22723,"HOOD, VA",HOOD,VA,MADISON
23860,"HOPEWELL, VA",HOPEWELL,VA,HOPEWELL CITY
23395,"HORNTOWN, VA",HORNTOWN,VA,ACCOMACK
24445,"HOT SPRINGS, VA",HOT SPRINGS,VA,BATH
24562,"HOWARDSVILLE, VA",HOWARDSVILLE,VA,BUCKINGHAM
24104,"HUDDLESTON, VA",HUDDLESTON,VA,BEDFORD
23076,"HUDGINS, VA",HUDGINS,VA,MATHEWS
22639,"HUME, VA",HUME,VA,FAUQUIER
22640,"HUNTLY, VA",HUNTLY,VA,RAPPAHANNOCK
24620,"HURLEY, VA",HURLEY,VA,BUCHANAN
24563,"HURT, VA",HURT,VA,PITTSYLVANIA
22476,"HUSTLE, VA",HUSTLE,VA,ESSEX
24348,"INDEPENDENCE, VA",INDEPENDENCE,VA,GRAYSON
24105,"INDIAN VALLEY, VA",INDIAN VALLEY,VA,FLOYD
24448,"IRON GATE, VA",IRON GATE,VA,ALLEGHANY
22480,"IRVINGTON, VA",IRVINGTON,VA,LANCASTER
23397,"ISLE OF WIGHT, VA",ISLE OF WIGHT,VA,ISLE OF WIGHT
24350,"IVANHOE, VA",IVANHOE,VA,WYTHE
23866,"IVOR, VA",IVOR,VA,SOUTHAMPTON
22945,"IVY, VA",IVY,VA,ALBEMARLE
23079,"JAMAICA, VA",JAMAICA,VA,MIDDLESEX
23081,"JAMESTOWN, VA",JAMESTOWN,VA,JAMES CITY
23398,"JAMESVILLE, VA",JAMESVILLE,VA,NORTHAMPTON
23867,"JARRATT, VA",JARRATT,VA,GREENSVILLE
24565,"JAVA, VA",JAVA,VA,PITTSYLVANIA
22724,"JEFFERSONTON, VA",JEFFERSONTON,VA,CULPEPER
22481,"JERSEY, VA",JERSEY,VA,KING GEORGE
23083,"JETERSVILLE, VA",JETERSVILLE,VA,AMELIA
24622,"JEWELL RIDGE, VA",JEWELL RIDGE,VA,TAZEWELL
24263,"JONESVILLE, VA",JONESVILLE,VA,LEE
24566,"KEELING, VA",KEELING,VA,PITTSYLVANIA
24624,"KEEN MOUNTAIN, VA",KEEN MOUNTAIN,VA,BUCHANAN
22946,"KEENE, VA",KEENE,VA,ALBEMARLE
22832,"KEEZLETOWN, VA",KEEZLETOWN,VA,ROCKINGHAM
23401,"KELLER, VA",KELLER,VA,ACCOMACK
23944,"KENBRIDGE, VA",KENBRIDGE,VA,LUNENBURG
23084,"KENTS STORE, VA",KENTS STORE,VA,FLUVANNA
24265,"KEOKEE, VA",KEOKEE,VA,LEE
22947,"KESWICK, VA",KESWICK,VA,ALBEMARLE
23947,"KEYSVILLE, VA",KEYSVILLE,VA,CHARLOTTE
22482,"KILMARNOCK, VA",KILMARNOCK,VA,LANCASTER
23085,"KING AND QUEEN COURT HOUSE, VA",KING AND QUEEN COURT HOUSE,VA,KING AND QUEEN
22485,"KING GEORGE, VA",KING GEORGE,VA,KING GEORGE
23086,"KING WILLIAM, VA",KING WILLIAM,VA,KING WILLIAM
22488,"KINSALE, VA",KINSALE,VA,WESTMORELAND
23950,"LA CROSSE, VA",LA CROSSE,VA,MECKLENBURG
22833,"LACEY SPRING, VA",LACEY SPRING,VA,ROCKINGHAM
23694,"LACKEY, VA",LACKEY,VA,YORK
22501,"LADYSMITH, VA",LADYSMITH,VA,CAROLINE
24351,"LAMBSBURG, VA",LAMBSBURG,VA,CARROLL
22503,"LANCASTER, VA",LANCASTER,VA,LANCASTER
23089,"LANEXA, VA",LANEXA,VA,NEW KENT
24352,"LAUREL FORK, VA",LAUREL FORK,VA,CARROLL
23868,"LAWRENCEVILLE, VA",LAWRENCEVILLE,VA,BRUNSWICK
24266,"LEBANON, VA",LEBANON,VA,RUSSELL
20175,"LEESBURG, VA",LEESBURG,VA,LOUDOUN
20176,"LEESBURG, VA",LEESBURG,VA,LOUDOUN
20177,"LEESBURG, VA",LEESBURG,VA,LOUDOUN
20178,"LEESBURG, VA",LEESBURG,VA,LOUDOUN
22725,"LEON, VA",LEON,VA,MADISON
24450,"LEXINGTON, VA",LEXINGTON,VA,LEXINGTON CITY
23090,"LIGHTFOOT, VA",LIGHTFOOT,VA,YORK
22726,"LIGNUM, VA",LIGNUM,VA,CULPEPER
20160,"LINCOLN, VA",LINCOLN,VA,LOUDOUN
22642,"LINDEN, VA",LINDEN,VA,WARREN
22834,"LINVILLE, VA",LINVILLE,VA,ROCKINGHAM
23091,"LITTLE PLYMOUTH, VA",LITTLE PLYMOUTH,VA,KING AND QUEEN
22507,"LIVELY, VA",LIVELY,VA,LANCASTER
22948,"LOCUST DALE, VA",LOCUST DALE,VA,MADISON
22508,"LOCUST GROVE, VA",LOCUST GROVE,VA,ORANGE
23092,"LOCUST HILL, VA",LOCUST HILL,VA,MIDDLESEX
23404,"LOCUSTVILLE, VA",LOCUSTVILLE,VA,ACCOMACK
24569,"LONG ISLAND, VA",LONG ISLAND,VA,PITTSYLVANIA
22509,"LORETTO, VA",LORETTO,VA,ESSEX
22079,"LORTON, VA",LORTON,VA,FAIRFAX
22199,"LORTON, VA",LORTON,VA,FAIRFAX
22511,"LOTTSBURG, VA",LOTTSBURG,VA,NORTHUMBERLAND
23093,"LOUISA, VA",LOUISA,VA,LOUISA
20180,"LOVETTSVILLE, VA",LOVETTSVILLE,VA,LOUDOUN
22949,"LOVINGSTON, VA",LOVINGSTON,VA,NELSON
24457,"LOW MOOR, VA",LOW MOOR,VA,ALLEGHANY
24570,"LOWRY, VA",LOWRY,VA,BEDFORD
23952,"LUNENBURG, VA",LUNENBURG,VA,LUNENBURG
22835,"LURAY, VA",LURAY,VA,PAGE
24571,"LYNCH STATION, VA",LYNCH STATION,VA,CAMPBELL
24501,"LYNCHBURG, VA",LYNCHBURG,VA,LYNCHBURG CITY
24502,"LYNCHBURG, VA",LYNCHBURG,VA,LYNCHBURG CITY
24503,"LYNCHBURG, VA",LYNCHBURG,VA,LYNCHBURG CITY
24504,"LYNCHBURG, VA",LYNCHBURG,VA,LYNCHBURG CITY
24505,"LYNCHBURG, VA",LYNCHBURG,VA,LYNCHBURG CITY
24506,"LYNCHBURG, VA",LYNCHBURG,VA,LYNCHBURG CITY
24514,"LYNCHBURG, VA",LYNCHBURG,VA,LYNCHBURG CITY
24515,"LYNCHBURG, VA",LYNCHBURG,VA,LYNCHBURG CITY
22952,"LYNDHURST, VA",LYNDHURST,VA,AUGUSTA
23405,"MACHIPONGO, VA",MACHIPONGO,VA,NORTHAMPTON
22727,"MADISON, VA",MADISON,VA,MADISON
24572,"MADISON HEIGHTS, VA",MADISON HEIGHTS,VA,AMHERST
23102,"MAIDENS, VA",MAIDENS,VA,GOOCHLAND
23103,"MANAKIN SABOT, VA",MANAKIN SABOT,VA,GOOCHLAND
20108,"MANASSAS, VA",MANASSAS,VA,MANASSAS CITY
20110,"MANASSAS, VA",MANASSAS,VA,MANASSAS CITY
20113,"MANASSAS, VA",MANASSAS,VA,MANASSAS PARK CITY
20109,"MANASSAS, VA",MANASSAS,VA,PRINCE WILLIAM
20111,"MANASSAS, VA",MANASSAS,VA,PRINCE WILLIAM
20112,"MANASSAS, VA",MANASSAS,VA,PRINCE WILLIAM
23105,"MANNBORO, VA",MANNBORO,VA,AMELIA
23106,"MANQUIN, VA",MANQUIN,VA,KING WILLIAM
23407,"MAPPSVILLE, VA",MAPPSVILLE,VA,ACCOMACK
24354,"MARION, VA",MARION,VA,SMYTH
23408,"MARIONVILLE, VA",MARIONVILLE,VA,NORTHAMPTON
22643,"MARKHAM, VA",MARKHAM,VA,FAUQUIER
20115,"MARSHALL, VA",MARSHALL,VA,FAUQUIER
20116,"MARSHALL, VA",MARSHALL,VA,FAUQUIER
24112,"MARTINSVILLE, VA",MARTINSVILLE,VA,MARTINSVILLE CITY
24113,"MARTINSVILLE, VA",MARTINSVILLE,VA,MARTINSVILLE CITY
24114,"MARTINSVILLE, VA",MARTINSVILLE,VA,MARTINSVILLE CITY
24115,"MARTINSVILLE, VA",MARTINSVILLE,VA,MARTINSVILLE CITY
23108,"MASCOT, VA",MASCOT,VA,KING AND QUEEN
23109,"MATHEWS, VA",MATHEWS,VA,MATHEWS
23110,"MATTAPONI, VA",MATTAPONI,VA,KING AND QUEEN
22644,"MAURERTOWN, VA",MAURERTOWN,VA,SHENANDOAH
24627,"MAVISDALE, VA",MAVISDALE,VA,BUCHANAN
24360,"MAX MEADOWS, VA",MAX MEADOWS,VA,WYTHE
24628,"MAXIE, VA",MAXIE,VA,BUCHANAN
24269,"MC CLURE, VA",MC CLURE,VA,DICKENSON
24111,"MC COY, VA",MC COY,VA,MONTGOMERY
24458,"MC DOWELL, VA",MC DOWELL,VA,HIGHLAND
22840,"MC GAHEYSVILLE, VA",MC GAHEYSVILLE,VA,ROCKINGHAM
23872,"MC KENNEY, VA",MC KENNEY,VA,DINWIDDIE
22101,"MC LEAN, VA",MC LEAN,VA,FAIRFAX
22102,"MC LEAN, VA",MC LEAN,VA,FAIRFAX
22106,"MC LEAN, VA",MC LEAN,VA,FAIRFAX
22107,"MC LEAN, VA",MC LEAN,VA,FAIRFAX
22108,"MC LEAN, VA",MC LEAN,VA,FAIRFAX
22109,"MC LEAN, VA",MC LEAN,VA,FAIRFAX
24120,"MEADOWS OF DAN, VA",MEADOWS OF DAN,VA,PATRICK
24361,"MEADOWVIEW, VA",MEADOWVIEW,VA,WASHINGTON
23409,"MEARS, VA",MEARS,VA,ACCOMACK
23111,"MECHANICSVILLE, VA",MECHANICSVILLE,VA,HANOVER
23116,"MECHANICSVILLE, VA",MECHANICSVILLE,VA,HANOVER
23954,"MEHERRIN, VA",MEHERRIN,VA,PRINCE EDWARD
23410,"MELFA, VA",MELFA,VA,ACCOMACK
24270,"MENDOTA, VA",MENDOTA,VA,WASHINGTON
22082,"MERRIFIELD, VA",MERRIFIELD,VA,FAIRFAX
22116,"MERRIFIELD, VA",MERRIFIELD,VA,FAIRFAX
24459,"MIDDLEBROOK, VA",MIDDLEBROOK,VA,AUGUSTA
20117,"MIDDLEBURG, VA",MIDDLEBURG,VA,LOUDOUN
20118,"MIDDLEBURG, VA",MIDDLEBURG,VA,LOUDOUN
22645,"MIDDLETOWN, VA",MIDDLETOWN,VA,FREDERICK
22649,"MIDDLETOWN, VA",MIDDLETOWN,VA,WARREN
22728,"MIDLAND, VA",MIDLAND,VA,FAUQUIER
23112,"MIDLOTHIAN, VA",MIDLOTHIAN,VA,CHESTERFIELD
23113,"MIDLOTHIAN, VA",MIDLOTHIAN,VA,CHESTERFIELD
23114,"MIDLOTHIAN, VA",MIDLOTHIAN,VA,CHESTERFIELD
22514,"MILFORD, VA",MILFORD,VA,CAROLINE
24460,"MILLBORO, VA",MILLBORO,VA,BATH
23115,"MILLERS TAVERN, VA",MILLERS TAVERN,VA,ESSEX
22646,"MILLWOOD, VA",MILLWOOD,VA,CLARKE
23117,"MINERAL, VA",MINERAL,VA,LOUISA
24463,"MINT SPRING, VA",MINT SPRING,VA,AUGUSTA
22729,"MITCHELLS, VA",MITCHELLS,VA,CULPEPER
22517,"MOLLUSK, VA",MOLLUSK,VA,LANCASTER
24121,"MONETA, VA",MONETA,VA,BEDFORD
24574,"MONROE, VA",MONROE,VA,AMHERST
24464,"MONTEBELLO, VA",MONTEBELLO,VA,NELSON
24465,"MONTEREY, VA",MONTEREY,VA,HIGHLAND
23192,"MONTPELIER, VA",MONTPELIER,VA,HANOVER
22957,"MONTPELIER STATION, VA",MONTPELIER STATION,VA,ORANGE
22520,"MONTROSS, VA",MONTROSS,VA,WESTMORELAND
24122,"MONTVALE, VA",MONTVALE,VA,BEDFORD
23119,"MOON, VA",MOON,VA,MATHEWS
22523,"MORATTICO, VA",MORATTICO,VA,LANCASTER
23120,"MOSELEY, VA",MOSELEY,VA,CHESTERFIELD
22841,"MOUNT CRAWFORD, VA",MOUNT CRAWFORD,VA,ROCKINGHAM
22524,"MOUNT HOLLY, VA",MOUNT HOLLY,VA,WESTMORELAND
22842,"MOUNT JACKSON, VA",MOUNT JACKSON,VA,SHENANDOAH
24467,"MOUNT SIDNEY, VA",MOUNT SIDNEY,VA,AUGUSTA
22843,"MOUNT SOLON, VA",MOUNT SOLON,VA,AUGUSTA
22121,"MOUNT VERNON, VA",MOUNT VERNON,VA,FAIRFAX
24363,"MOUTH OF WILSON, VA",MOUTH OF WILSON,VA,GRAYSON
24468,"MUSTOE, VA",MUSTOE,VA,HIGHLAND
24124,"NARROWS, VA",NARROWS,VA,GILES
23413,"NASSAWADOX, VA",NASSAWADOX,VA,NORTHAMPTON
24577,"NATHALIE, VA",NATHALIE,VA,HALIFAX
24578,"NATURAL BRIDGE, VA",NATURAL BRIDGE,VA,ROCKBRIDGE
24579,"NATURAL BRIDGE STATION, VA",NATURAL BRIDGE STATION,VA,ROCKBRIDGE
22958,"NELLYSFORD, VA",NELLYSFORD,VA,NELSON
24580,"NELSON, VA",NELSON,VA,MECKLENBURG
23414,"NELSONIA, VA",NELSONIA,VA,ACCOMACK
23123,"NEW CANTON, VA",NEW CANTON,VA,BUCKINGHAM
24127,"NEW CASTLE, VA",NEW CASTLE,VA,CRAIG
23415,"NEW CHURCH, VA",NEW CHURCH,VA,ACCOMACK
24469,"NEW HOPE, VA",NEW HOPE,VA,AUGUSTA
23124,"NEW KENT, VA",NEW KENT,VA,NEW KENT
22844,"NEW MARKET, VA",NEW MARKET,VA,SHENANDOAH
23125,"NEW POINT, VA",NEW POINT,VA,MATHEWS
24129,"NEW RIVER, VA",NEW RIVER,VA,PULASKI
24126,"NEWBERN, VA",NEWBERN,VA,PULASKI
22122,"NEWINGTON, VA",NEWINGTON,VA,FAIRFAX
24128,"NEWPORT, VA",NEWPORT,VA,GILES
23601,"NEWPORT NEWS, VA",NEWPORT NEWS,VA,NEWPORT NEWS CITY
23602,"NEWPORT NEWS, VA",NEWPORT NEWS,VA,NEWPORT NEWS CITY
23603,"NEWPORT NEWS, VA",NEWPORT NEWS,VA,NEWPORT NEWS CITY
23605,"NEWPORT NEWS, VA",NEWPORT NEWS,VA,NEWPORT NEWS CITY
23606,"NEWPORT NEWS, VA",NEWPORT NEWS,VA,NEWPORT NEWS CITY
23607,"NEWPORT NEWS, VA",NEWPORT NEWS,VA,NEWPORT NEWS CITY
23608,"NEWPORT NEWS, VA",NEWPORT NEWS,VA,NEWPORT NEWS CITY
23609,"NEWPORT NEWS, VA",NEWPORT NEWS,VA,NEWPORT NEWS CITY
23612,"NEWPORT NEWS, VA",NEWPORT NEWS,VA,NEWPORT NEWS CITY
23874,"NEWSOMS, VA",NEWSOMS,VA,SOUTHAMPTON
23126,"NEWTOWN, VA",NEWTOWN,VA,KING AND QUEEN
24271,"NICKELSVILLE, VA",NICKELSVILLE,VA,SCOTT
22526,"NINDE, VA",NINDE,VA,KING GEORGE
20181,"NOKESVILLE, VA",NOKESVILLE,VA,PRINCE WILLIAM
20182,"NOKESVILLE, VA",NOKESVILLE,VA,PRINCE WILLIAM
24272,"NORA, VA",NORA,VA,DICKENSON
23501,"NORFOLK, VA",NORFOLK,VA,NORFOLK CITY
23502,"NORFOLK, VA",NORFOLK,VA,NORFOLK CITY
23503,"NORFOLK, VA",NORFOLK,VA,NORFOLK CITY
23504,"NORFOLK, VA",NORFOLK,VA,NORFOLK CITY
23505,"NORFOLK, VA",NORFOLK,VA,NORFOLK CITY
23506,"NORFOLK, VA",NORFOLK,VA,NORFOLK CITY
23507,"NORFOLK, VA",NORFOLK,VA,NORFOLK CITY
23508,"NORFOLK, VA",NORFOLK,VA,NORFOLK CITY
23509,"NORFOLK, VA",NORFOLK,VA,NORFOLK CITY
23510,"NORFOLK, VA",NORFOLK,VA,NORFOLK CITY
23511,"NORFOLK, VA",NORFOLK,VA,NORFOLK CITY
23513,"NORFOLK, VA",NORFOLK,VA,NORFOLK CITY
23514,"NORFOLK, VA",NORFOLK,VA,NORFOLK CITY
23515,"NORFOLK, VA",NORFOLK,VA,NORFOLK CITY
23517,"NORFOLK, VA",NORFOLK,VA,NORFOLK CITY
23518,"NORFOLK, VA",NORFOLK,VA,NORFOLK CITY
23520,"NORFOLK, VA",NORFOLK,VA,NORFOLK CITY
23521,"NORFOLK, VA",NORFOLK,VA,NORFOLK CITY
23523,"NORFOLK, VA",NORFOLK,VA,NORFOLK CITY
23529,"NORFOLK, VA",NORFOLK,VA,NORFOLK CITY
23541,"NORFOLK, VA",NORFOLK,VA,NORFOLK CITY
23551,"NORFOLK, VA",NORFOLK,VA,NORFOLK CITY
23127,"NORGE, VA",NORGE,VA,JAMES CITY
23128,"NORTH, VA",NORTH,VA,MATHEWS
22959,"NORTH GARDEN, VA",NORTH GARDEN,VA,ALBEMARLE
24630,"NORTH TAZEWELL, VA",NORTH TAZEWELL,VA,TAZEWELL
24273,"NORTON, VA",NORTON,VA,NORTON CITY
24581,"NORWOOD, VA",NORWOOD,VA,NELSON
23955,"NOTTOWAY, VA",NOTTOWAY,VA,NOTTOWAY
23416,"OAK HALL, VA",OAK HALL,VA,ACCOMACK
22730,"OAKPARK, VA",OAKPARK,VA,MADISON
22124,"OAKTON, VA",OAKTON,VA,FAIRFAX
24631,"OAKWOOD, VA",OAKWOOD,VA,BUCHANAN
22125,"OCCOQUAN, VA",OCCOQUAN,VA,PRINCE WILLIAM
23129,"OILVILLE, VA",OILVILLE,VA,GOOCHLAND
22529,"OLDHAMS, VA",OLDHAMS,VA,WESTMORELAND
23417,"ONANCOCK, VA",ONANCOCK,VA,ACCOMACK
23130,"ONEMO, VA",ONEMO,VA,MATHEWS
23418,"ONLEY, VA",ONLEY,VA,ACCOMACK
22530,"OPHELIA, VA",OPHELIA,VA,NORTHUMBERLAND
22960,"ORANGE, VA",ORANGE,VA,ORANGE
23131,"ORDINARY, VA",ORDINARY,VA,GLOUCESTER
22845,"ORKNEY SPRINGS, VA",ORKNEY SPRINGS,VA,SHENANDOAH
20128,"ORLEAN, VA",ORLEAN,VA,FAUQUIER
23419,"OYSTER, VA",OYSTER,VA,NORTHAMPTON
20129,"PAEONIAN SPRINGS, VA",PAEONIAN SPRINGS,VA,LOUDOUN
24131,"PAINT BANK, VA",PAINT BANK,VA,CRAIG
23420,"PAINTER, VA",PAINTER,VA,ACCOMACK
22963,"PALMYRA, VA",PALMYRA,VA,FLUVANNA
23958,"PAMPLIN, VA",PAMPLIN,VA,APPOMATTOX
20130,"PARIS, VA",PARIS,VA,CLARKE
23421,"PARKSLEY, VA",PARKSLEY,VA,ACCOMACK
24132,"PARROTT, VA",PARROTT,VA,PULASKI
22534,"PARTLOW, VA",PARTLOW,VA,SPOTSYLVANIA
24133,"PATRICK SPRINGS, VA",PATRICK SPRINGS,VA,PATRICK
24134,"PEARISBURG, VA",PEARISBURG,VA,GILES
24136,"PEMBROKE, VA",PEMBROKE,VA,GILES
24137,"PENHOOK, VA",PENHOOK,VA,FRANKLIN
22846,"PENN LAIRD, VA",PENN LAIRD,VA,ROCKINGHAM
24277,"PENNINGTON GAP, VA",PENNINGTON GAP,VA,LEE
23803,"PETERSBURG, VA",PETERSBURG,VA,PETERSBURG CITY
23804,"PETERSBURG, VA",PETERSBURG,VA,PETERSBURG CITY
23805,"PETERSBURG, VA",PETERSBURG,VA,PETERSBURG CITY
23959,"PHENIX, VA",PHENIX,VA,CHARLOTTE
20131,"PHILOMONT, VA",PHILOMONT,VA,LOUDOUN
24634,"PILGRIMS KNOB, VA",PILGRIMS KNOB,VA,BUCHANAN
24138,"PILOT, VA",PILOT,VA,MONTGOMERY
22964,"PINEY RIVER, VA",PINEY RIVER,VA,NELSON
24139,"PITTSVILLE, VA",PITTSVILLE,VA,PITTSYLVANIA
24635,"POCAHONTAS, VA",POCAHONTAS,VA,TAZEWELL
23662,"POQUOSON, VA",POQUOSON,VA,POQUOSON CITY
23138,"PORT HAYWOOD, VA",PORT HAYWOOD,VA,MATHEWS
24471,"PORT REPUBLIC, VA",PORT REPUBLIC,VA,ROCKINGHAM
22535,"PORT ROYAL, VA",PORT ROYAL,VA,CAROLINE
23701,"PORTSMOUTH, VA",PORTSMOUTH,VA,PORTSMOUTH CITY
23702,"PORTSMOUTH, VA",PORTSMOUTH,VA,PORTSMOUTH CITY
23703,"PORTSMOUTH, VA",PORTSMOUTH,VA,PORTSMOUTH CITY
23704,"PORTSMOUTH, VA",PORTSMOUTH,VA,PORTSMOUTH CITY
23705,"PORTSMOUTH, VA",PORTSMOUTH,VA,PORTSMOUTH CITY
23707,"PORTSMOUTH, VA",PORTSMOUTH,VA,PORTSMOUTH CITY
23708,"PORTSMOUTH, VA",PORTSMOUTH,VA,PORTSMOUTH CITY
23709,"PORTSMOUTH, VA",PORTSMOUTH,VA,PORTSMOUTH CITY
24279,"POUND, VA",POUND,VA,WISE
24637,"POUNDING MILL, VA",POUNDING MILL,VA,TAZEWELL
23139,"POWHATAN, VA",POWHATAN,VA,POWHATAN
22731,"PRATTS, VA",PRATTS,VA,MADISON
23875,"PRINCE GEORGE, VA",PRINCE GEORGE,VA,PRINCE GEORGE
23960,"PROSPECT, VA",PROSPECT,VA,PRINCE EDWARD
23140,"PROVIDENCE FORGE, VA",PROVIDENCE FORGE,VA,NEW KENT
24301,"PULASKI, VA",PULASKI,VA,PULASKI
23422,"PUNGOTEAGUE, VA",PUNGOTEAGUE,VA,ACCOMACK
20132,"PURCELLVILLE, VA",PURCELLVILLE,VA,LOUDOUN
20134,"PURCELLVILLE, VA",PURCELLVILLE,VA,LOUDOUN
22134,"QUANTICO, VA",QUANTICO,VA,PRINCE WILLIAM
22135,"QUANTICO, VA",QUANTICO,VA,STAFFORD
22847,"QUICKSBURG, VA",QUICKSBURG,VA,SHENANDOAH
23423,"QUINBY, VA",QUINBY,VA,ACCOMACK
22965,"QUINQUE, VA",QUINQUE,VA,GREENE
23141,"QUINTON, VA",QUINTON,VA,NEW KENT
24141,"RADFORD, VA",RADFORD,VA,RADFORD
24142,"RADFORD, VA",RADFORD,VA,RADFORD
24143,"RADFORD, VA",RADFORD,VA,RADFORD
22732,"RADIANT, VA",RADIANT,VA,MADISON
23962,"RANDOLPH, VA",RANDOLPH,VA,CHARLOTTE
24472,"RAPHINE, VA",RAPHINE,VA,ROCKBRIDGE
22733,"RAPIDAN, VA",RAPIDAN,VA,CULPEPER
22538,"RAPPAHANNOCK ACADEMY, VA",RAPPAHANNOCK ACADEMY,VA,CAROLINE
24639,"RAVEN, VA",RAVEN,VA,BUCHANAN
23876,"RAWLINGS, VA",RAWLINGS,VA,BRUNSWICK
20140,"RECTORTOWN, VA",RECTORTOWN,VA,FAUQUIER
24640,"RED ASH, VA",RED ASH,VA,TAZEWELL
23963,"RED HOUSE, VA",RED HOUSE,VA,CHARLOTTE
23964,"RED OAK, VA",RED OAK,VA,CHARLOTTE
22539,"REEDVILLE, VA",REEDVILLE,VA,NORTHUMBERLAND
22734,"REMINGTON, VA",REMINGTON,VA,FAUQUIER
23424,"RESCUE, VA",RESCUE,VA,ISLE OF WIGHT
20190,"RESTON, VA",RESTON,VA,FAIRFAX
20191,"RESTON, VA",RESTON,VA,FAIRFAX
20194,"RESTON, VA",RESTON,VA,FAIRFAX
20195,"RESTON, VA",RESTON,VA,FAIRFAX
20196,"RESTON, VA",RESTON,VA,FAIRFAX
22096,"RESTON, VA",RESTON,VA,FAIRFAX
22735,"REVA, VA",REVA,VA,MADISON
22542,"RHOADESVILLE, VA",RHOADESVILLE,VA,ORANGE
23966,"RICE, VA",RICE,VA,PRINCE EDWARD
24147,"RICH CREEK, VA",RICH CREEK,VA,GILES
22736,"RICHARDSVILLE, VA",RICHARDSVILLE,VA,CULPEPER
24641,"RICHLANDS, VA",RICHLANDS,VA,TAZEWELL
23234,"RICHMOND, VA",RICHMOND,VA,CHESTERFIELD
23235,"RICHMOND, VA",RICHMOND,VA,CHESTERFIELD
23236,"RICHMOND, VA",RICHMOND,VA,CHESTERFIELD
23237,"RICHMOND, VA",RICHMOND,VA,CHESTERFIELD
23297,"RICHMOND, VA",RICHMOND,VA,CHESTERFIELD
23226,"RICHMOND, VA",RICHMOND,VA,HENRICO
23227,"RICHMOND, VA",RICHMOND,VA,HENRICO
23230,"RICHMOND, VA",RICHMOND,VA,HENRICO
23250,"RICHMOND, VA",RICHMOND,VA,HENRICO
23173,"RICHMOND, VA",RICHMOND,VA,RICHMOND CITY
23218,"RICHMOND, VA",RICHMOND,VA,RICHMOND CITY
23219,"RICHMOND, VA",RICHMOND,VA,RICHMOND CITY
23220,"RICHMOND, VA",RICHMOND,VA,RICHMOND CITY
23221,"RICHMOND, VA",RICHMOND,VA,RICHMOND CITY
23222,"RICHMOND, VA",RICHMOND,VA,RICHMOND CITY
23223,"RICHMOND, VA",RICHMOND,VA,RICHMOND CITY
23224,"RICHMOND, VA",RICHMOND,VA,RICHMOND CITY
23225,"RICHMOND, VA",RICHMOND,VA,RICHMOND CITY
23232,"RICHMOND, VA",RICHMOND,VA,RICHMOND CITY
23241,"RICHMOND, VA",RICHMOND,VA,RICHMOND CITY
23249,"RICHMOND, VA",RICHMOND,VA,RICHMOND CITY
23260,"RICHMOND, VA",RICHMOND,VA,RICHMOND CITY
23261,"RICHMOND, VA",RICHMOND,VA,RICHMOND CITY
23269,"RICHMOND, VA",RICHMOND,VA,RICHMOND CITY
23284,"RICHMOND, VA",RICHMOND,VA,RICHMOND CITY
23295,"RICHMOND, VA",RICHMOND,VA,RICHMOND CITY
23298,"RICHMOND, VA",RICHMOND,VA,RICHMOND CITY
24148,"RIDGEWAY, VA",RIDGEWAY,VA,HENRY
22650,"RILEYVILLE, VA",RILEYVILLE,VA,PAGE
24149,"RINER, VA",RINER,VA,MONTGOMERY
24586,"RINGGOLD, VA",RINGGOLD,VA,PITTSYLVANIA
24150,"RIPPLEMEAD, VA",RIPPLEMEAD,VA,GILES
22737,"RIXEYVILLE, VA",RIXEYVILLE,VA,CULPEPER
24018,"ROANOKE, VA",ROANOKE,VA,ROANOKE
24019,"ROANOKE, VA",ROANOKE,VA,ROANOKE
24020,"ROANOKE, VA",ROANOKE,VA,ROANOKE
24001,"ROANOKE, VA",ROANOKE,VA,ROANOKE CITY
24002,"ROANOKE, VA",ROANOKE,VA,ROANOKE CITY
24004,"ROANOKE, VA",ROANOKE,VA,ROANOKE CITY
24006,"ROANOKE, VA",ROANOKE,VA,ROANOKE CITY
24007,"ROANOKE, VA",ROANOKE,VA,ROANOKE CITY
24008,"ROANOKE, VA",ROANOKE,VA,ROANOKE CITY
24010,"ROANOKE, VA",ROANOKE,VA,ROANOKE CITY
24011,"ROANOKE, VA",ROANOKE,VA,ROANOKE CITY
24012,"ROANOKE, VA",ROANOKE,VA,ROANOKE CITY
24013,"ROANOKE, VA",ROANOKE,VA,ROANOKE CITY
24014,"ROANOKE, VA",ROANOKE,VA,ROANOKE CITY
24015,"ROANOKE, VA",ROANOKE,VA,ROANOKE CITY
24016,"ROANOKE, VA",ROANOKE,VA,ROANOKE CITY
24017,"ROANOKE, VA",ROANOKE,VA,ROANOKE CITY
24022,"ROANOKE, VA",ROANOKE,VA,ROANOKE CITY
24023,"ROANOKE, VA",ROANOKE,VA,ROANOKE CITY
24024,"ROANOKE, VA",ROANOKE,VA,ROANOKE CITY
24025,"ROANOKE, VA",ROANOKE,VA,ROANOKE CITY
24026,"ROANOKE, VA",ROANOKE,VA,ROANOKE CITY
24027,"ROANOKE, VA",ROANOKE,VA,ROANOKE CITY
24028,"ROANOKE, VA",ROANOKE,VA,ROANOKE CITY
24033,"ROANOKE, VA",ROANOKE,VA,ROANOKE CITY
24034,"ROANOKE, VA",ROANOKE,VA,ROANOKE CITY
24035,"ROANOKE, VA",ROANOKE,VA,ROANOKE CITY
24037,"ROANOKE, VA",ROANOKE,VA,ROANOKE CITY
24038,"ROANOKE, VA",ROANOKE,VA,ROANOKE CITY
24040,"ROANOKE, VA",ROANOKE,VA,ROANOKE CITY
24043,"ROANOKE, VA",ROANOKE,VA,ROANOKE CITY
22738,"ROCHELLE, VA",ROCHELLE,VA,MADISON
24473,"ROCKBRIDGE BATHS, VA",ROCKBRIDGE BATHS,VA,ROCKBRIDGE
23146,"ROCKVILLE, VA",ROCKVILLE,VA,HANOVER
24366,"ROCKY GAP, VA",ROCKY GAP,VA,BLAND
24151,"ROCKY MOUNT, VA",ROCKY MOUNT,VA,FRANKLIN
22544,"ROLLINS FORK, VA",ROLLINS FORK,VA,KING GEORGE
24281,"ROSE HILL, VA",ROSE HILL,VA,LEE
24280,"ROSEDALE, VA",ROSEDALE,VA,RUSSELL
22967,"ROSELAND, VA",ROSELAND,VA,NELSON
20141,"ROUND HILL, VA",ROUND HILL,VA,LOUDOUN
20142,"ROUND HILL, VA",ROUND HILL,VA,LOUDOUN
24646,"ROWE, VA",ROWE,VA,BUCHANAN
22545,"RUBY, VA",RUBY,VA,STAFFORD
22968,"RUCKERSVILLE, VA",RUCKERSVILLE,VA,GREENE
24368,"RURAL RETREAT, VA",RURAL RETREAT,VA,WYTHE
24588,"RUSTBURG, VA",RUSTBURG,VA,CAMPBELL
22546,"RUTHER GLEN, VA",RUTHER GLEN,VA,CAROLINE
24282,"SAINT CHARLES, VA",SAINT CHARLES,VA,LEE
24283,"SAINT PAUL, VA",SAINT PAUL,VA,WISE
23148,"SAINT STEPHENS CHURCH, VA",SAINT STEPHENS CHURCH,VA,KING AND QUEEN
24153,"SALEM, VA",SALEM,VA,SALEM
24370,"SALTVILLE, VA",SALTVILLE,VA,SMYTH
23149,"SALUDA, VA",SALUDA,VA,MIDDLESEX
23150,"SANDSTON, VA",SANDSTON,VA,HENRICO
23153,"SANDY HOOK, VA",SANDY HOOK,VA,GOOCHLAND
24161,"SANDY LEVEL, VA",SANDY LEVEL,VA,PITTSYLVANIA
23426,"SANFORD, VA",SANFORD,VA,ACCOMACK
23967,"SAXE, VA",SAXE,VA,CHARLOTTE
23427,"SAXIS, VA",SAXIS,VA,ACCOMACK
23154,"SCHLEY, VA",SCHLEY,VA,GLOUCESTER
22969,"SCHUYLER, VA",SCHUYLER,VA,NELSON
24589,"SCOTTSBURG, VA",SCOTTSBURG,VA,HALIFAX
24590,"SCOTTSVILLE, VA",SCOTTSVILLE,VA,ALBEMARLE
23696,"SEAFORD, VA",SEAFORD,VA,YORK
22547,"SEALSTON, VA",SEALSTON,VA,KING GEORGE
23878,"SEDLEY, VA",SEDLEY,VA,SOUTHAMPTON
24474,"SELMA, VA",SELMA,VA,ALLEGHANY
23156,"SHACKLEFORDS, VA",SHACKLEFORDS,VA,KING AND QUEEN
22548,"SHARPS, VA",SHARPS,VA,RICHMOND
24162,"SHAWSVILLE, VA",SHAWSVILLE,VA,MONTGOMERY
22849,"SHENANDOAH, VA",SHENANDOAH,VA,PAGE
22971,"SHIPMAN, VA",SHIPMAN,VA,NELSON
24647,"SHORTT GAP, VA",SHORTT GAP,VA,BUCHANAN
22850,"SINGERS GLEN, VA",SINGERS GLEN,VA,ROCKINGHAM
23879,"SKIPPERS, VA",SKIPPERS,VA,GREENSVILLE
23968,"SKIPWITH, VA",SKIPWITH,VA,MECKLENBURG
23430,"SMITHFIELD, VA",SMITHFIELD,VA,ISLE OF WIGHT
23431,"SMITHFIELD, VA",SMITHFIELD,VA,ISLE OF WIGHT
22972,"SOMERSET, VA",SOMERSET,VA,ORANGE
24592,"SOUTH BOSTON, VA",SOUTH BOSTON,VA,HALIFAX
23970,"SOUTH HILL, VA",SOUTH HILL,VA,MECKLENBURG
22552,"SPARTA, VA",SPARTA,VA,CAROLINE
24374,"SPEEDWELL, VA",SPEEDWELL,VA,WYTHE
24165,"SPENCER, VA",SPENCER,VA,HENRY
22740,"SPERRYVILLE, VA",SPERRYVILLE,VA,RAPPAHANNOCK
22551,"SPOTSYLVANIA, VA",SPOTSYLVANIA,VA,SPOTSYLVANIA
22553,"SPOTSYLVANIA, VA",SPOTSYLVANIA,VA,SPOTSYLVANIA
24593,"SPOUT SPRING, VA",SPOUT SPRING,VA,APPOMATTOX
23881,"SPRING GROVE, VA",SPRING GROVE,VA,SURRY
22150,"SPRINGFIELD, VA",SPRINGFIELD,VA,FAIRFAX
22151,"SPRINGFIELD, VA",SPRINGFIELD,VA,FAIRFAX
22152,"SPRINGFIELD, VA",SPRINGFIELD,VA,FAIRFAX
22153,"SPRINGFIELD, VA",SPRINGFIELD,VA,FAIRFAX
22156,"SPRINGFIELD, VA",SPRINGFIELD,VA,FAIRFAX
22159,"SPRINGFIELD, VA",SPRINGFIELD,VA,FAIRFAX
22554,"STAFFORD, VA",STAFFORD,VA,STAFFORD
22555,"STAFFORD, VA",STAFFORD,VA,STAFFORD
22556,"STAFFORD, VA",STAFFORD,VA,STAFFORD
22973,"STANARDSVILLE, VA",STANARDSVILLE,VA,GREENE
22851,"STANLEY, VA",STANLEY,VA,PAGE
24168,"STANLEYTOWN, VA",STANLEYTOWN,VA,HENRY
22654,"STAR TANNERY, VA",STAR TANNERY,VA,FREDERICK
23160,"STATE FARM, VA",STATE FARM,VA,GOOCHLAND
24401,"STAUNTON, VA",STAUNTON,VA,STAUNTON CITY
24402,"STAUNTON, VA",STAUNTON,VA,STAUNTON CITY
24476,"STEELES TAVERN, VA",STEELES TAVERN,VA,AUGUSTA
22655,"STEPHENS CITY, VA",STEPHENS CITY,VA,FREDERICK
22656,"STEPHENSON, VA",STEPHENSON,VA,FREDERICK
20164,"STERLING, VA",STERLING,VA,LOUDOUN
20165,"STERLING, VA",STERLING,VA,LOUDOUN
20166,"STERLING, VA",STERLING,VA,LOUDOUN
20167,"STERLING, VA",STERLING,VA,LOUDOUN
22741,"STEVENSBURG, VA",STEVENSBURG,VA,CULPEPER
23161,"STEVENSVILLE, VA",STEVENSVILLE,VA,KING AND QUEEN
23882,"STONY CREEK, VA",STONY CREEK,VA,SUSSEX
22641,"STRASBURG, VA",STRASBURG,VA,SHENANDOAH
22657,"STRASBURG, VA",STRASBURG,VA,SHENANDOAH
22558,"STRATFORD, VA",STRATFORD,VA,WESTMORELAND
24171,"STUART, VA",STUART,VA,PATRICK
24477,"STUARTS DRAFT, VA",STUARTS DRAFT,VA,AUGUSTA
23162,"STUDLEY, VA",STUDLEY,VA,HANOVER
23432,"SUFFOLK, VA",SUFFOLK,VA,SUFFOLK CITY
23433,"SUFFOLK, VA",SUFFOLK,VA,SUFFOLK CITY
23434,"SUFFOLK, VA",SUFFOLK,VA,SUFFOLK CITY
23435,"SUFFOLK, VA",SUFFOLK,VA,SUFFOLK CITY
23436,"SUFFOLK, VA",SUFFOLK,VA,SUFFOLK CITY
23437,"SUFFOLK, VA",SUFFOLK,VA,SUFFOLK CITY
23438,"SUFFOLK, VA",SUFFOLK,VA,SUFFOLK CITY
23439,"SUFFOLK, VA",SUFFOLK,VA,SUFFOLK CITY
24375,"SUGAR GROVE, VA",SUGAR GROVE,VA,SMYTH
22742,"SUMERDUCK, VA",SUMERDUCK,VA,FAUQUIER
23883,"SURRY, VA",SURRY,VA,SURRY
23163,"SUSAN, VA",SUSAN,VA,MATHEWS
23884,"SUSSEX, VA",SUSSEX,VA,SUSSEX
23885,"SUTHERLAND, VA",SUTHERLAND,VA,DINWIDDIE
24594,"SUTHERLIN, VA",SUTHERLIN,VA,PITTSYLVANIA
24595,"SWEET BRIAR, VA",SWEET BRIAR,VA,AMHERST
24479,"SWOOPE, VA",SWOOPE,VA,AUGUSTA
24649,"SWORDS CREEK, VA",SWORDS CREEK,VA,RUSSELL
22743,"SYRIA, VA",SYRIA,VA,MADISON
23440,"TANGIER, VA",TANGIER,VA,ACCOMACK
24377,"TANNERSVILLE, VA",TANNERSVILLE,VA,TAZEWELL
22560,"TAPPAHANNOCK, VA",TAPPAHANNOCK,VA,ESSEX
23441,"TASLEY, VA",TASLEY,VA,ACCOMACK
24651,"TAZEWELL, VA",TAZEWELL,VA,TAZEWELL
23442,"TEMPERANCEVILLE, VA",TEMPERANCEVILLE,VA,ACCOMACK
24174,"THAXTON, VA",THAXTON,VA,BEDFORD
20198,"THE PLAINS, VA",THE PLAINS,VA,FAUQUIER
22565,"THORNBURG, VA",THORNBURG,VA,SPOTSYLVANIA
22853,"TIMBERVILLE, VA",TIMBERVILLE,VA,ROCKINGHAM
23168,"TOANO, VA",TOANO,VA,JAMES CITY
22660,"TOMS BROOK, VA",TOMS BROOK,VA,SHENANDOAH
23169,"TOPPING, VA",TOPPING,VA,MIDDLESEX
23443,"TOWNSEND, VA",TOWNSEND,VA,NORTHAMPTON
23170,"TREVILIANS, VA",TREVILIANS,VA,LOUISA
22172,"TRIANGLE, VA",TRIANGLE,VA,PRINCE WILLIAM
24378,"TROUTDALE, VA",TROUTDALE,VA,GRAYSON
24175,"TROUTVILLE, VA",TROUTVILLE,VA,BOTETOURT
22974,"TROY, VA",TROY,VA,FLUVANNA
22976,"TYRO, VA",TYRO,VA,NELSON
24176,"UNION HALL, VA",UNION HALL,VA,FRANKLIN
22567,"UNIONVILLE, VA",UNIONVILLE,VA,ORANGE
20184,"UPPERVILLE, VA",UPPERVILLE,VA,FAUQUIER
20185,"UPPERVILLE, VA",UPPERVILLE,VA,FAUQUIER
23175,"URBANNA, VA",URBANNA,VA,MIDDLESEX
23887,"VALENTINES, VA",VALENTINES,VA,BRUNSWICK
24656,"VANSANT, VA",VANSANT,VA,BUCHANAN
24597,"VERNON HILL, VA",VERNON HILL,VA,HALIFAX
24482,"VERONA, VA",VERONA,VA,AUGUSTA
24177,"VESTA, VA",VESTA,VA,PATRICK
24483,"VESUVIUS, VA",VESUVIUS,VA,ROCKBRIDGE
23974,"VICTORIA, VA",VICTORIA,VA,LUNENBURG
22180,"VIENNA, VA",VIENNA,VA,FAIRFAX
22181,"VIENNA, VA",VIENNA,VA,FAIRFAX
22182,"VIENNA, VA",VIENNA,VA,FAIRFAX
22183,"VIENNA, VA",VIENNA,VA,FAIRFAX
22185,"VIENNA, VA",VIENNA,VA,FAIRFAX
22746,"VIEWTOWN, VA",VIEWTOWN,VA,CULPEPER
22570,"VILLAGE, VA",VILLAGE,VA,RICHMOND
24179,"VINTON, VA",VINTON,VA,ROANOKE
24598,"VIRGILINA, VA",VIRGILINA,VA,HALIFAX
23450,"VIRGINIA BEACH, VA",VIRGINIA BEACH,VA,VIRGINIA BEACH CITY
23451,"VIRGINIA BEACH, VA",VIRGINIA BEACH,VA,VIRGINIA BEACH CITY
23452,"VIRGINIA BEACH, VA",VIRGINIA BEACH,VA,VIRGINIA BEACH CITY
23453,"VIRGINIA BEACH, VA",VIRGINIA BEACH,VA,VIRGINIA BEACH CITY
23454,"VIRGINIA BEACH, VA",VIRGINIA BEACH,VA,VIRGINIA BEACH CITY
23455,"VIRGINIA BEACH, VA",VIRGINIA BEACH,VA,VIRGINIA BEACH CITY
23456,"VIRGINIA BEACH, VA",VIRGINIA BEACH,VA,VIRGINIA BEACH CITY
23457,"VIRGINIA BEACH, VA",VIRGINIA BEACH,VA,VIRGINIA BEACH CITY
23458,"VIRGINIA BEACH, VA",VIRGINIA BEACH,VA,VIRGINIA BEACH CITY
23459,"VIRGINIA BEACH, VA",VIRGINIA BEACH,VA,VIRGINIA BEACH CITY
23460,"VIRGINIA BEACH, VA",VIRGINIA BEACH,VA,VIRGINIA BEACH CITY
23461,"VIRGINIA BEACH, VA",VIRGINIA BEACH,VA,VIRGINIA BEACH CITY
23462,"VIRGINIA BEACH, VA",VIRGINIA BEACH,VA,VIRGINIA BEACH CITY
23463,"VIRGINIA BEACH, VA",VIRGINIA BEACH,VA,VIRGINIA BEACH CITY
23464,"VIRGINIA BEACH, VA",VIRGINIA BEACH,VA,VIRGINIA BEACH CITY
23465,"VIRGINIA BEACH, VA",VIRGINIA BEACH,VA,VIRGINIA BEACH CITY
23466,"VIRGINIA BEACH, VA",VIRGINIA BEACH,VA,VIRGINIA BEACH CITY
23467,"VIRGINIA BEACH, VA",VIRGINIA BEACH,VA,VIRGINIA BEACH CITY
23471,"VIRGINIA BEACH, VA",VIRGINIA BEACH,VA,VIRGINIA BEACH CITY
23806,"VIRGINIA STATE UNIVERSITY, VA",VIRGINIA STATE UNIVERSITY,VA,PETERSBURG CITY
23480,"WACHAPREAGUE, VA",WACHAPREAGUE,VA,ACCOMACK
23176,"WAKE, VA",WAKE,VA,MIDDLESEX
23888,"WAKEFIELD, VA",WAKEFIELD,VA,SUSSEX
23177,"WALKERTON, VA",WALKERTON,VA,KING AND QUEEN
23337,"WALLOPS ISLAND, VA",WALLOPS ISLAND,VA,ACCOMACK
23482,"WARDTOWN, VA",WARDTOWN,VA,NORTHAMPTON
23178,"WARE NECK, VA",WARE NECK,VA,GLOUCESTER
23889,"WARFIELD, VA",WARFIELD,VA,BRUNSWICK
24484,"WARM SPRINGS, VA",WARM SPRINGS,VA,BATH
20186,"WARRENTON, VA",WARRENTON,VA,FAUQUIER
20187,"WARRENTON, VA",WARRENTON,VA,FAUQUIER
20188,"WARRENTON, VA",WARRENTON,VA,FAUQUIER
22572,"WARSAW, VA",WARSAW,VA,RICHMOND
22747,"WASHINGTON, VA",WASHINGTON,VA,RAPPAHANNOCK
23180,"WATER VIEW, VA",WATER VIEW,VA,MIDDLESEX
20197,"WATERFORD, VA",WATERFORD,VA,LOUDOUN
23483,"WATTSVILLE, VA",WATTSVILLE,VA,ACCOMACK
23890,"WAVERLY, VA",WAVERLY,VA,SUSSEX
23891,"WAVERLY, VA",WAVERLY,VA,SUSSEX
22980,"WAYNESBORO, VA",WAYNESBORO,VA,WAYNESBORO CITY
24290,"WEBER CITY, VA",WEBER CITY,VA,SCOTT
22576,"WEEMS, VA",WEEMS,VA,LANCASTER
24485,"WEST AUGUSTA, VA",WEST AUGUSTA,VA,AUGUSTA
22103,"WEST MCLEAN, VA",WEST MCLEAN,VA,FAIRFAX
23181,"WEST POINT, VA",WEST POINT,VA,KING WILLIAM
24486,"WEYERS CAVE, VA",WEYERS CAVE,VA,AUGUSTA
22987,"WHITE HALL, VA",WHITE HALL,VA,ALBEMARLE
23183,"WHITE MARSH, VA",WHITE MARSH,VA,GLOUCESTER
23893,"WHITE PLAINS, VA",WHITE PLAINS,VA,BRUNSWICK
22663,"WHITE POST, VA",WHITE POST,VA,CLARKE
22578,"WHITE STONE, VA",WHITE STONE,VA,LANCASTER
24292,"WHITETOP, VA",WHITETOP,VA,GRAYSON
24657,"WHITEWOOD, VA",WHITEWOOD,VA,BUCHANAN
23184,"WICOMICO, VA",WICOMICO,VA,GLOUCESTER
22579,"WICOMICO CHURCH, VA",WICOMICO CHURCH,VA,NORTHUMBERLAND
23185,"WILLIAMSBURG, VA",WILLIAMSBURG,VA,JAMES CITY
23188,"WILLIAMSBURG, VA",WILLIAMSBURG,VA,JAMES CITY
23186,"WILLIAMSBURG, VA",WILLIAMSBURG,VA,WILLIAMSBURG CITY
23187,"WILLIAMSBURG, VA",WILLIAMSBURG,VA,WILLIAMSBURG CITY
24487,"WILLIAMSVILLE, VA",WILLIAMSVILLE,VA,BATH
24380,"WILLIS, VA",WILLIS,VA,FLOYD
23486,"WILLIS WHARF, VA",WILLIS WHARF,VA,NORTHAMPTON
23894,"WILSONS, VA",WILSONS,VA,DINWIDDIE
22602,"WINCHESTER, VA",WINCHESTER,VA,FREDERICK
22603,"WINCHESTER, VA",WINCHESTER,VA,FREDERICK
22601,"WINCHESTER, VA",WINCHESTER,VA,WINCHESTER CITY
22604,"WINCHESTER, VA",WINCHESTER,VA,WINCHESTER CITY
23487,"WINDSOR, VA",WINDSOR,VA,ISLE OF WIGHT
24599,"WINGINA, VA",WINGINA,VA,BUCKINGHAM
24184,"WIRTZ, VA",WIRTZ,VA,FRANKLIN
24293,"WISE, VA",WISE,VA,WISE
22748,"WOLFTOWN, VA",WOLFTOWN,VA,MADISON
22989,"WOODBERRY FOREST, VA",WOODBERRY FOREST,VA,MADISON
22191,"WOODBRIDGE, VA",WOODBRIDGE,VA,PRINCE WILLIAM
22192,"WOODBRIDGE, VA",WOODBRIDGE,VA,PRINCE WILLIAM
22193,"WOODBRIDGE, VA",WOODBRIDGE,VA,PRINCE WILLIAM
22194,"WOODBRIDGE, VA",WOODBRIDGE,VA,PRINCE WILLIAM
22195,"WOODBRIDGE, VA",WOODBRIDGE,VA,PRINCE WILLIAM
22580,"WOODFORD, VA",WOODFORD,VA,CAROLINE
24381,"WOODLAWN, VA",WOODLAWN,VA,CARROLL
23190,"WOODS CROSS ROADS, VA",WOODS CROSS ROADS,VA,GLOUCESTER
22664,"WOODSTOCK, VA",WOODSTOCK,VA,SHENANDOAH
22749,"WOODVILLE, VA",WOODVILLE,VA,RAPPAHANNOCK
24185,"WOOLWINE, VA",WOOLWINE,VA,PATRICK
23976,"WYLLIESBURG, VA",WYLLIESBURG,VA,CHARLOTTE
24382,"WYTHEVILLE, VA",WYTHEVILLE,VA,WYTHE
23897,"YALE, VA",YALE,VA,SUSSEX
23690,"YORKTOWN, VA",YORKTOWN,VA,YORK
23691,"YORKTOWN, VA",YORKTOWN,VA,YORK
23692,"YORKTOWN, VA",YORKTOWN,VA,YORK
23693,"YORKTOWN, VA",YORKTOWN,VA,YORK
23898,"ZUNI, VA",ZUNI,VA,ISLE OF WIGHT
,,,,
,,,,
"For more information, kindly visit : www.downloadexcelfiles.com",,,,
